model,ticker,step,lookback,units,window,seed,rmse_train,mae_train,mape_train,rmse_test,mae_test,mape_test,train_time_s,infer_time_train_s,infer_time_test_s,ts
FuzzyBasic,AAPL,1d,1,16,10,42,0.1152303824298822,0.0446135178208351,2.232923984527588,2.3414101683030486,1.404731273651123,1.2543504238128662,128.03242826461792,0.9877519607543944,0.258742094039917,1777042116.4631937
FuzzyMomentum,AAPL,1d,1,16,10,42,0.1182185000349664,0.0486638359725475,3.736377954483032,2.35460650855937,1.4180511236190796,1.2573901414871216,125.87216591835022,1.0356101989746094,0.2896795272827148,1777042304.1788073
FuzzyTrend,AAPL,1d,1,16,10,42,0.1164678810487413,0.0458336099982261,2.60760498046875,2.668614679340802,1.522069215774536,1.310916781425476,129.67070508003235,1.0826847553253174,0.2919707298278808,1777042576.6771126
FuzzyVolatility,AAPL,1d,1,16,10,42,0.1159596611638393,0.0464565753936767,3.0979220867156982,2.3448512224124207,1.4083739519119265,1.2554272413253784,132.48337626457214,1.2962076663970947,0.3621354103088379,1777042799.202316
FuzzyAll,AAPL,1d,1,16,10,42,0.1177814215236031,0.0460382848978042,2.335181713104248,2.3769674684692026,1.438270092010498,1.2683913707733154,123.82615280151369,1.0211341381072998,0.2411520481109619,1777043017.8182244
FuzzyBasic,INTC,1d,1,16,10,42,0.5576089835022721,0.261107325553894,2.072458982467652,1.039496883143623,0.6573020815849304,1.658830642700195,136.11633348464966,1.0165729522705078,0.2584595680236816,1777046371.9296649
FuzzyMomentum,INTC,1d,1,16,10,42,0.5562566671079061,0.2643003761768341,2.086104154586792,1.0515023065488207,0.6661533117294312,1.6757100820541382,130.62111139297485,1.582292079925537,0.3988757133483886,1777046547.0943573
FuzzyTrend,INTC,1d,1,16,10,42,0.5560439274573885,0.2614649832248688,1.8751580715179443,1.0421183687584554,0.6627921462059021,1.6674444675445557,150.00259137153623,1.0694329738616943,0.2382614612579345,1777046712.677879
FuzzyVolatility,INTC,1d,1,16,10,42,0.5560321091790155,0.2609939575195312,1.941033124923706,1.043109669969843,0.6607524752616882,1.6629613637924194,135.7031388282776,1.1334545612335205,0.2384736537933349,1777046855.5480204
FuzzyAll,INTC,1d,1,16,10,42,0.5536778354337404,0.263573944568634,1.9068284034729004,1.0386570304277514,0.6623800992965698,1.6689579486846924,135.41098546981812,1.081782341003418,0.281036376953125,1777046998.1241353
FuzzyBasic,TSLA,1d,1,16,10,42,3.921619543745445,1.5403140783309937,8.494240760803223,10.18227322601964,7.420027732849121,2.7846271991729736,57.31451773643494,0.7152409553527832,0.1430110931396484,1777047133.0613594
FuzzyMomentum,TSLA,1d,1,16,10,42,4.375673514703238,2.486698627471924,22.552209854125977,10.06672759721855,7.360947132110596,2.7589242458343506,60.18649935722351,1.1250340938568115,0.2289543151855468,1777047218.708507
FuzzyTrend,TSLA,1d,1,16,10,42,4.116028016212842,2.003662586212158,15.460893630981444,10.093784391267842,7.405574798583984,2.7878124713897705,62.03416848182678,0.8027377128601074,0.1481759548187255,1777047293.984458
FuzzyVolatility,TSLA,1d,1,16,10,42,4.503567235384405,3.0820348262786865,39.253719329833984,10.662800763842236,7.890495777130127,2.989908695220948,56.91355586051941,1.0052478313446045,0.2362985610961914,1777047361.3324945
FuzzyAll,TSLA,1d,1,16,10,42,4.354645819818697,2.472400426864624,22.19646644592285,10.198938232210896,7.47959566116333,2.803483247756958,52.25394034385681,0.7028112411499023,0.1480371952056884,1777047428.363021
FuzzyBasic,NVDA,1d,1,16,10,42,0.0482950966772039,0.0212805401533842,4.175356388092041,2.3706851714041,1.305093765258789,2.377432346343994,86.69942045211792,0.9228665828704834,0.2092132568359375,1777047589.339227
FuzzyMomentum,NVDA,1d,1,16,10,42,0.0485116837577653,0.0205903425812721,3.397500991821289,5.985050332631369,3.305414915084839,3.6816234588623047,85.48429703712463,0.8346714973449707,0.1816291809082031,1777047682.3871713
FuzzyTrend,NVDA,1d,1,16,10,42,0.0483287740806259,0.0214088484644889,3.822151899337769,2.632823457327208,1.402459979057312,2.50234603881836,84.63602685928345,1.37256121635437,0.2711765766143799,1777047809.9443412
FuzzyVolatility,NVDA,1d,1,16,10,42,0.0483215013055574,0.0210052616894245,3.596034288406372,2.362298732843105,1.2971638441085815,2.363221406936645,84.54504752159119,1.156200885772705,0.1647074222564697,1777047925.0587254
FuzzyAll,NVDA,1d,1,16,10,42,0.0484291681883972,0.0213510394096374,3.614398002624512,18.353635239746698,8.576940536499023,9.047673225402832,85.06488966941833,1.3866724967956543,0.196176528930664,1777048025.212489
FuzzyBasic,MSFT,1d,1,16,10,42,0.516039970337666,0.2847599685192108,1.968976616859436,4.4260068534594605,2.8048527240753174,1.1660380363464355,125.74799180030824,2.6355674266815186,0.742290735244751,1777048206.544284
FuzzyMomentum,MSFT,1d,1,16,10,42,0.5207538989210014,0.2907401025295257,2.442430257797241,4.4602661696584,2.843691110610962,1.1731367111206057,121.09007620811462,1.6184942722320557,0.3941729068756103,1777048345.9502802
FuzzyTrend,MSFT,1d,1,16,10,42,0.5170103881998663,0.2887684106826782,2.8134987354278564,4.435844649914908,2.81874680519104,1.171104073524475,119.72826433181764,0.9722802639007568,0.216094970703125,1777048534.416643
FuzzyVolatility,MSFT,1d,1,16,10,42,0.5173604255461222,0.2924014031887054,3.514300346374512,5.134518971110854,3.3376305103302,1.3196125030517578,115.80560064315796,0.9149482250213624,0.2282383441925048,1777048657.5743349
FuzzyAll,MSFT,1d,1,16,10,42,0.5202847229929134,0.2903203964233398,2.044626474380493,4.9063880074887365,3.2740910053253174,1.3155252933502195,112.86745381355286,1.129131555557251,0.2441046237945556,1777048818.579399
FuzzyBasic,EURUSD=X,1d,1,16,10,42,0.0100112381875412,0.0060017756186425,0.4688348174095154,0.0051221139953021,0.0038572242483496,0.3494450449943542,83.11433029174805,0.8187985420227051,0.1879057884216308,1777049039.7129848
FuzzyMomentum,EURUSD=X,1d,1,16,10,42,0.0093166493531814,0.0058491281233727,0.4578397274017334,0.0051729854869231,0.0038956708740442,0.3532136976718902,76.23355436325073,0.7763955593109131,0.1555268764495849,1777049128.1718578
FuzzyTrend,EURUSD=X,1d,1,16,10,42,0.0093389090998364,0.0058970977552235,0.4613811671733856,0.0051258212213803,0.0038603395223617,0.3498347699642181,71.52649283409119,0.7620265483856201,0.1601655483245849,1777049214.3860192
FuzzyVolatility,EURUSD=X,1d,1,16,10,42,0.0093899119948158,0.0059610037133097,0.4659770131111145,0.0051394194653074,0.0038709028158336,0.3508085310459137,73.43264484405518,0.7488679885864258,0.1606757640838623,1777049319.635694
FuzzyAll,EURUSD=X,1d,1,16,10,42,0.0092857304893441,0.0059085604734718,0.4615337252616882,0.0051249178255362,0.0038475019391626,0.3488764762878418,70.49080657958984,0.7983429431915283,0.1804280281066894,1777049408.4450123
FuzzyBasic,CHF=X,1d,1,16,10,42,0.0073616983674547,0.0048875943757593,0.4650298058986664,0.0045455791598661,0.0033347143325954,0.3748535811901092,78.67210745811462,0.7931461334228516,0.1608211994171142,1777049540.8130848
FuzzyMomentum,CHF=X,1d,1,16,10,42,0.0072833635379859,0.004807440098375,0.4606116414070129,0.0044859682201188,0.0032896369230002,0.3691741228103637,71.07491254806519,2.190520763397217,0.1714775562286377,1777049695.975706
FuzzyTrend,CHF=X,1d,1,16,10,42,0.0073306068238921,0.0048742117360234,0.465457946062088,0.004771335443627,0.0035431787837296,0.4009535014629364,74.09316563606262,0.7614247798919678,0.178530216217041,1777049817.276688
FuzzyVolatility,CHF=X,1d,1,16,10,42,0.0073343809974711,0.0048702987842261,0.4643395543098449,0.0045607104890485,0.00334855588153,0.3765788972377777,72.93170738220215,0.7871460914611816,0.1573560237884521,1777049910.2699687
FuzzyAll,CHF=X,1d,1,16,10,42,0.007268220943814,0.0048133260570466,0.4610265493392944,0.0046310293222582,0.0034039898309856,0.3834486305713653,73.94773125648499,0.8663077354431152,0.1631233692169189,1777050020.2942984
FuzzyBasic,JPY=X,1d,1,16,10,42,0.8387691986797499,0.5476706624031067,0.5035451650619507,0.7663704104506199,0.5338005423545837,0.4015088975429535,87.7149384021759,0.8754556179046631,0.2192521095275879,1777050193.7717896
FuzzyMomentum,JPY=X,1d,1,16,10,42,0.8365902357665645,0.5487936735153198,0.5053669810295105,0.7721190726923625,0.539387583732605,0.4044771790504455,94.30272436141968,1.293598175048828,0.4160811901092529,1777050374.3909364
FuzzyTrend,JPY=X,1d,1,16,10,42,0.8259042076302959,0.5555182099342346,0.5135825872421265,0.7685569365685405,0.5350112915039062,0.4020064175128937,95.94562482833862,1.053858757019043,0.1907455921173095,1777050515.4222798
FuzzyVolatility,JPY=X,1d,1,16,10,42,0.8312591050301869,0.5574895739555359,0.5160207152366638,0.7676869089630071,0.536139965057373,0.4029407501220703,102.79128503799438,1.082794189453125,0.417412519454956,1777050638.1767085
FuzzyAll,JPY=X,1d,1,16,10,42,0.805539134194359,0.546215295791626,0.5027027130126953,0.7696347239680668,0.5366495251655579,0.4025814235210418,96.12876558303832,1.431847095489502,0.2896044254302978,1777050753.6095693
FuzzyBasic,GBPUSD=X,1d,1,16,10,42,0.0094807975111425,0.006912303622812,0.4382969439029693,0.0066309484767615,0.0049734166823327,0.3884547650814056,76.50714921951294,0.7632303237915039,0.1723253726959228,1777050876.192311
FuzzyMomentum,GBPUSD=X,1d,1,16,10,42,0.0093675947993608,0.0068260109983384,0.4351766705513,0.0066576251974984,0.0049843261949718,0.3893615305423736,71.06938338279724,0.7948081493377686,0.1827890872955322,1777050954.6001973
FuzzyTrend,GBPUSD=X,1d,1,16,10,42,0.0094647893640616,0.0068847457878291,0.4372413754463196,0.006630190766788,0.0049769454635679,0.3888237178325653,67.92068529129028,0.8229484558105469,0.1719837188720703,1777051031.263854
FuzzyVolatility,GBPUSD=X,1d,1,16,10,42,0.0094946186516094,0.0069234650582075,0.4393233060836792,0.0066378911260143,0.0049823378212749,0.3891717791557312,73.31571698188782,0.7729213237762451,0.1581358909606933,1777051121.961615
FuzzyAll,GBPUSD=X,1d,1,16,10,42,0.0093813380222631,0.0068422281183302,0.4360314607620239,0.0066525249782188,0.0049776309169828,0.3888939917087555,68.4604709148407,1.3263301849365234,0.1646161079406738,1777051199.7502308
FuzzyBasic,AUDUSD=X,1d,1,16,10,42,0.0065871388923317,0.0046394052915275,0.5617326498031616,0.0044300747561443,0.0033514744136482,0.4946872591972351,70.75337076187134,0.7858238220214844,0.1765546798706054,1777051332.0936763
FuzzyMomentum,AUDUSD=X,1d,1,16,10,42,0.0066214304874601,0.0046691573224961,0.5644803047180176,0.0044143063359328,0.0033342815004289,0.492938369512558,76.34523963928223,1.2161962985992432,0.2777144908905029,1777051424.6115851
FuzzyTrend,AUDUSD=X,1d,1,16,10,42,0.0065777967160241,0.0046559758484363,0.5630910992622375,0.004410031338462,0.003331997198984,0.4920468628406524,66.89252018928528,1.223663568496704,0.3982322216033935,1777051508.7947917
FuzzyVolatility,AUDUSD=X,1d,1,16,10,42,0.0066023712533066,0.0046592350117862,0.5634883642196655,0.0044249197513565,0.0033441942650824,0.4938487410545349,68.02716445922852,0.8057916164398193,0.1487762928009033,1777051596.3674116
FuzzyAll,AUDUSD=X,1d,1,16,10,42,0.0066038769945123,0.004691710229963,0.5670334696769714,0.0044562232336816,0.0033764727413654,0.4993922114372253,68.14823627471924,0.7643635272979736,0.1528182029724121,1777051695.7467773
FuzzyBasic,BTC-USD,1d,1,16,10,42,803.8560583213888,448.33636474609375,21.27094841003418,1946.8592655864984,1362.0997314453125,1.8419077396392824,58.10116863250733,0.7528078556060791,0.1423292160034179,1777051804.7542348
FuzzyMomentum,BTC-USD,1d,1,16,10,42,806.5390567108328,434.8199462890625,15.168971061706545,2002.3042975531969,1410.66064453125,1.8764671087265008,56.68282842636109,0.7042083740234375,0.1528534889221191,1777051872.1243358
FuzzyTrend,BTC-USD,1d,1,16,10,42,795.7106886299819,407.95220947265625,12.218027114868164,1844.676123334392,1261.7821044921875,1.730968952178955,56.70707941055298,1.3560991287231443,0.1487007141113281,1777051937.670821
FuzzyVolatility,BTC-USD,1d,1,16,10,42,806.4645450979231,459.6100463867188,22.168472290039062,1849.9745268516533,1271.154296875,1.755831956863403,55.88253211975098,0.7629706859588623,0.2075951099395752,1777052005.2713592
FuzzyAll,BTC-USD,1d,1,16,10,42,801.6042508619823,424.2591552734375,13.840076446533203,1987.3578565522616,1407.3138427734375,1.8822124004364007,52.06176519393921,1.0175573825836182,0.2014775276184082,1777052063.192446
FuzzyBasic,ETH-USD,1d,1,16,10,42,74.66428771089295,40.05876922607422,3.278197765350342,111.74851439169112,77.98004150390625,2.646030902862549,57.18149566650391,0.7283401489257812,0.1512248516082763,1777052181.4180653
FuzzyMomentum,ETH-USD,1d,1,16,10,42,76.79196480996563,43.95805358886719,4.889111518859863,110.35333433312064,77.97489166259766,2.666154146194458,47.25379967689514,1.0577178001403809,0.2431540489196777,1777052255.1772687
FuzzyTrend,ETH-USD,1d,1,16,10,42,76.22457311704015,41.94546127319336,3.8947110176086426,110.57073174556638,77.80233764648438,2.641631841659546,48.11626863479614,1.0243384838104248,0.1934652328491211,1777052341.978522
FuzzyVolatility,ETH-USD,1d,1,16,10,42,75.56732692399208,41.79817962646485,3.515122413635254,112.89108239526716,80.28295135498047,2.717916250228882,44.2978401184082,0.6965601444244385,0.1209025382995605,1777052403.586715
FuzzyAll,ETH-USD,1d,1,16,10,42,75.93964760337646,41.16900253295898,3.367069721221924,110.0864583875442,77.68721771240234,2.644749879837036,44.21931481361389,0.6719708442687988,0.1203734874725341,1777052483.844099
FuzzyBasic,SOL-USD,1d,1,16,10,42,4.725005796721601,3.0375285148620605,28.313278198242188,7.290272112504803,5.190281391143799,3.2354283332824707,35.773388385772705,0.6032958030700684,0.119192361831665,1777052553.3012133
FuzzyMomentum,SOL-USD,1d,1,16,10,42,4.751572198177377,2.7704246044158936,5.675100803375244,7.233748274941879,5.07503604888916,3.1730611324310303,38.231130838394165,0.6778116226196289,0.1153054237365722,1777052619.88047
FuzzyTrend,SOL-USD,1d,1,16,10,42,4.767243057472375,3.02983832359314,19.68253517150879,7.306890439043382,5.197511672973633,3.223530530929565,36.243109703063965,0.6618587970733643,0.1250214576721191,1777052680.9920137
FuzzyVolatility,SOL-USD,1d,1,16,10,42,4.719921042541618,2.956770658493042,18.466455459594727,7.291455627293835,5.21376895904541,3.295558214187622,36.158002614974976,0.9484093189239502,0.1620464324951172,1777052727.849292
FuzzyAll,SOL-USD,1d,1,16,10,42,4.8832476368611655,3.296300411224365,15.88889503479004,7.333295157362087,5.245883941650391,3.3278379440307617,35.64751696586609,0.972426176071167,0.1570355892181396,1777052809.861821
FuzzyBasic,BNB-USD,1d,1,16,10,42,11.700665081716176,5.4268670082092285,5.546591281890869,23.554302702080783,16.243858337402344,2.250279188156128,47.03857803344727,0.9898805618286132,0.1783182621002197,1777052936.8322098
FuzzyMomentum,BNB-USD,1d,1,16,10,42,12.378859409425422,6.443699836730957,9.023353576660156,24.142436471274628,16.647991180419922,2.288982391357422,51.56248235702515,0.7616841793060303,0.1483373641967773,1777053077.32948
FuzzyTrend,BNB-USD,1d,1,16,10,42,12.13552179686669,5.533735275268555,3.9317235946655273,23.377434751623333,16.53550148010254,2.3095719814300537,52.24580121040344,0.7208728790283203,0.1289966106414795,1777053133.745366
FuzzyVolatility,BNB-USD,1d,1,16,10,42,11.96043549424159,5.482156276702881,4.056904315948486,23.013470229665906,16.21442985534668,2.2762651443481445,47.27865529060364,0.7416102886199951,0.1357896327972412,1777053345.384439
FuzzyAll,BNB-USD,1d,1,16,10,42,12.245306867661714,6.054910659790039,6.9177021980285645,28.82003612804597,21.26014709472656,2.897612333297729,45.950713872909546,0.7717835903167725,0.1422610282897949,1777053424.697039
FuzzyBasic,XRP-USD,1d,1,16,10,42,0.0516103091179934,0.0219062212854623,3.584873676300049,0.1002420268181984,0.0605028681457042,3.172567129135132,52.27819275856018,0.6726596355438232,0.1360957622528076,1777053526.3240004
FuzzyMomentum,XRP-USD,1d,1,16,10,42,0.036851313469967,0.0186345409601926,3.351560115814209,0.090229357542768,0.052785363048315,2.853586912155152,44.7732412815094,1.036104679107666,0.2518227100372314,1777053577.9342887
FuzzyTrend,XRP-USD,1d,1,16,10,42,0.0514453416677984,0.0222346764057874,3.5956218242645264,0.1349716615625599,0.0911387652158737,4.387874603271484,46.41467261314392,0.7132463455200195,0.1474425792694091,1777053638.892075
FuzzyVolatility,XRP-USD,1d,1,16,10,42,0.0509263565118474,0.0222712252289056,3.732420444488525,0.1117945445648886,0.0724044516682624,3.66905665397644,45.023168087005615,0.6799137592315674,0.1313905715942382,1777053721.7163966
FuzzyAll,XRP-USD,1d,1,16,10,42,0.0364028099510982,0.0187466666102409,3.4098989963531494,0.1505580812014028,0.1048836633563041,4.930051326751709,41.97439479827881,0.6682310104370117,0.1225497722625732,1777053779.6438236
FuzzyBasic,^GSPC,1d,1,16,10,42,4.135913860626744,1.3574165105819702,0.7652361392974854,30.0939872946252,17.737260818481445,0.7864723205566406,260.1765470504761,2.616583824157715,0.5817999839782715,1777054109.943034
FuzzyMomentum,^GSPC,1d,1,16,10,42,4.1652869165335895,1.403730034828186,0.8674173355102539,45.71350576552842,26.26523971557617,0.9677017331123352,251.6874148845673,1.5506787300109863,0.4387991428375244,1777054391.942212
FuzzyTrend,^GSPC,1d,1,16,10,42,4.155141811773955,1.426838994026184,0.9988829493522644,30.391076876460588,17.930274963378906,0.7910720109939575,254.390454530716,9.48131775856018,0.4531686305999756,1777054692.9288528
FuzzyVolatility,^GSPC,1d,1,16,10,42,4.152820979602064,1.4121456146240234,0.9603660702705384,40.79768137607899,24.94790840148925,0.9486901760101318,290.9796175956726,1.7180147171020508,0.4332430362701416,1777055006.253961
FuzzyAll,^GSPC,1d,1,16,10,42,4.139800367471786,1.3731346130371094,0.8237524032592773,46.50541803112837,28.604257583618164,1.0422593355178833,278.3140962123871,2.651768207550049,0.4914319515228271,1777055337.5820608
FuzzyBasic,^IXIC,1d,1,16,10,42,26.31817435289787,11.740915298461914,0.8324137926101685,149.3880420561666,91.4183120727539,0.8826911449432373,136.42347860336304,0.9848716259002686,0.23911714553833,1777120584.527662
FuzzyMomentum,^IXIC,1d,1,16,10,42,26.4309910907454,11.88490390777588,0.8610714077949524,155.41903413634702,97.08683776855467,0.9160074591636658,134.32300782203674,0.9823775291442872,0.2355659008026123,1777120751.6914496
FuzzyTrend,^IXIC,1d,1,16,10,42,26.21919812079798,11.779027938842772,0.8286230564117432,4110.173232358948,2424.427001953125,15.384273529052734,129.49768710136414,1.0625603199005127,0.2390298843383789,1777120907.0314248
FuzzyVolatility,^IXIC,1d,1,16,10,42,26.321250493452293,11.86241340637207,0.9335240125656128,157.66646708717107,99.58416748046876,0.9396932125091552,143.54163479804993,1.1033082008361816,0.2568786144256592,1777121204.256503
FuzzyAll,^IXIC,1d,1,16,10,42,25.93676815609093,11.855863571166992,0.8672134280204773,3666.980501720728,1857.614990234375,11.859016418457031,128.50369000434875,0.9942083358764648,0.2420952320098877,1777121406.357031
FuzzyBasic,^DJI,1d,1,16,10,42,110.86631518973653,74.3025894165039,0.7285912036895752,350.23108442855266,238.39453125,0.7491591572761536,86.5869734287262,0.9948136806488036,0.2793726921081543,1777121561.8432212
FuzzyMomentum,^DJI,1d,1,16,10,42,111.20427431083752,74.69236755371094,0.7230391502380371,351.1938789685834,239.697265625,0.7523840069770813,85.80322551727295,0.820136547088623,0.1913149356842041,1777121653.9668643
FuzzyTrend,^DJI,1d,1,16,10,42,110.68225919269987,74.3493423461914,0.7234073281288147,398.0424953758079,244.7393341064453,0.7813795208930969,87.15346264839172,1.3456668853759766,0.2497797012329101,1777121749.0915153
FuzzyVolatility,^DJI,1d,1,16,10,42,110.86060275042482,74.26197814941406,0.7243684530258179,350.58650635399533,238.8046875,0.7503423094749451,86.55708503723145,0.7698624134063721,0.1845080852508545,1777122263.9420693
FuzzyAll,^DJI,1d,1,16,10,42,111.04542725417603,74.85400390625,0.7240273952484131,846.439159065789,293.51239013671875,1.0048532485961914,86.3014144897461,0.7938928604125977,0.180471658706665,1777122480.3238158
FuzzyBasic,^FTSE,1d,1,16,10,42,50.673007233727255,33.43355941772461,0.7810487151145935,66.2265841578648,46.54141998291016,0.6482193470001221,100.5007996559143,1.1485538482666016,0.2171525955200195,1777122650.4831386
FuzzyMomentum,^FTSE,1d,1,16,10,42,50.93855443693902,33.71512985229492,0.7796226739883423,66.15168117194754,46.4707260131836,0.64609694480896,134.9623782634735,1.4606821537017822,0.2714118957519531,1777124031.9351995
FuzzyTrend,^FTSE,1d,1,16,10,42,50.6127372300874,33.50486755371094,0.7780806422233582,116.84229572510333,54.06523513793945,0.764783501625061,111.61808013916016,0.9501266479492188,0.2193512916564941,1777124487.3559062
FuzzyVolatility,^FTSE,1d,1,16,10,42,50.76119555929879,33.52721405029297,0.7825419306755066,66.15744935733807,46.52838134765625,0.6472180485725403,109.70554709434508,0.8964619636535645,0.1991355419158935,1777124604.9055178
FuzzyAll,^FTSE,1d,1,16,10,42,50.7479169446269,33.64876174926758,0.7773472666740417,83.18768489367132,49.018890380859375,0.6927027702331543,116.33260917663574,0.9507861137390136,0.2219090461730957,1777124733.621593
FuzzyBasic,^N225,1d,1,16,10,42,188.00012466751187,106.75878143310548,0.847569465637207,351.7635924879094,220.30685424804688,0.953482449054718,172.41650485992432,1.181767463684082,0.3241949081420898,1777125194.539627
FuzzyMomentum,^N225,1d,1,16,10,42,188.3183806748561,107.77218627929688,0.858128547668457,354.17357591299776,222.5349273681641,0.9593498706817628,164.35267567634585,1.0597152709960938,0.2744712829589844,1777125389.3086083
FuzzyTrend,^N225,1d,1,16,10,42,187.1570613816107,106.84195709228516,0.8459908962249756,362.0233288408359,224.8354949951172,0.9668042063713074,154.41475749015808,1.3105309009552002,0.2819705009460449,1777125551.654448
FuzzyVolatility,^N225,1d,1,16,10,42,188.0679523137847,107.14797973632812,0.8539699912071228,353.79338294052366,222.0982818603516,0.9585651755332948,163.33684253692627,1.059485912322998,0.2488491535186767,1777125745.9028542
FuzzyAll,^N225,1d,1,16,10,42,184.9783454387297,107.1197509765625,0.846062421798706,366.8992964697534,227.7270965576172,0.979041576385498,167.90614938735962,1.6083877086639404,0.291621446609497,1777125966.9726968
FuzzyBasic,GC=F,1d,1,16,10,42,11.626077581525104,7.425205707550049,0.781164288520813,36.7947235968734,20.819339752197266,0.8270094990730286,77.69465923309326,0.8462734222412109,0.4027070999145508,1777126200.6787317
FuzzyMomentum,GC=F,1d,1,16,10,42,11.724922853390924,7.53572940826416,0.785368025302887,36.79970298315514,20.70574951171875,0.8215875625610352,73.25723838806152,0.8004910945892334,0.1718571186065673,1777126392.3467464
FuzzyTrend,GC=F,1d,1,16,10,42,11.658515771325026,7.460192203521728,0.7796152234077454,36.91450975258154,20.896556854248047,0.8290482759475708,67.37968301773071,0.5707125663757324,0.3818302154541015,1777126516.4205067
FuzzyVolatility,GC=F,1d,1,16,10,42,11.645985683657065,7.452231884002685,0.7821748852729797,36.6585160877771,20.63828468322754,0.8207501769065857,76.68154954910278,0.8838865756988525,0.2084279060363769,1777127094.3448238
FuzzyAll,GC=F,1d,1,16,10,42,11.707029946613208,7.538266181945801,0.7866793274879456,37.04841703876328,21.03547477722168,0.8330495357513428,69.6048309803009,0.7620604038238525,0.1561465263366699,1777127686.8927732
FuzzyBasic,CL=F,1d,1,16,10,42,1.424898809889131,0.9986098408699036,1.7090102434158323,2.70421406410972,1.4122209548950195,2.4049322605133057,74.94266867637634,0.8977627754211426,0.221858263015747,1777127952.7225327
FuzzyMomentum,CL=F,1d,1,16,10,42,1.4289668200186572,1.0016542673110962,1.693958759307861,2.671664134845577,1.421850085258484,2.398984432220459,78.9737777709961,1.1735615730285645,0.2732167243957519,1777128408.551559
FuzzyTrend,CL=F,1d,1,16,10,42,1.4251245109638238,1.0024441480636597,1.70455002784729,2.6496773577357784,1.4142799377441406,2.375495433807373,71.63728761672974,0.8158464431762695,0.1570043563842773,1777129056.5364137
FuzzyVolatility,CL=F,1d,1,16,10,42,1.425639022631083,1.0005927085876465,1.7061477899551392,2.688123320220018,1.426716685295105,2.4290037155151367,90.16472935676576,0.9419894218444824,0.1821742057800293,1777129514.9505386
FuzzyAll,CL=F,1d,1,16,10,42,1.4146773545373503,1.0003459453582764,1.6893230676651,2.602293352906255,1.4319164752960205,2.3902926445007324,72.56577014923096,0.7658941745758057,0.164292573928833,1777129776.806537
FuzzyBasic,SI=F,1d,1,16,10,42,0.3837249547011073,0.2196474373340606,1.358479142189026,1.419192204061769,0.5776790976524353,1.6781535148620603,84.3973000049591,1.128727674484253,0.3976247310638428,1777130237.3766592
FuzzyMomentum,SI=F,1d,1,16,10,42,0.3865630096333505,0.220743253827095,1.345403075218201,1.4313710623768523,0.5734423995018005,1.6690082550048828,73.17485308647156,0.779714822769165,0.162419319152832,1777131019.98534
FuzzyTrend,SI=F,1d,1,16,10,42,0.3859090516574613,0.2192270457744598,1.3392176628112793,1.427848759151336,0.5731672048568726,1.6663315296173096,79.57026624679565,0.8424711227416992,0.207254409790039,1777131171.829862
FuzzyVolatility,SI=F,1d,1,16,10,42,0.3831360870113741,0.2187759280204773,1.3263493776321411,1.433419281947926,0.5851820707321167,1.6875395774841309,83.71348714828491,0.7981290817260742,0.1637277603149414,1777131328.9630492
FuzzyAll,SI=F,1d,1,16,10,42,0.3749571418113074,0.2184882909059524,1.326601266860962,5.795417211619736,1.455144286155701,2.725714445114136,90.22151231765748,0.9057323932647704,0.1697840690612793,1777131457.2022932
FuzzyBasic,HG=F,1d,1,16,10,42,0.0461925054826654,0.0306733548641204,1.2373065948486328,0.0757325045144314,0.0499806813895702,1.205894947052002,73.21683120727539,0.7988808155059814,0.1655499935150146,1777132408.7155292
FuzzyMomentum,HG=F,1d,1,16,10,42,0.0464961968543938,0.0310000721365213,1.2387580871582031,0.0762500331391981,0.0503387153148651,1.2110189199447632,68.94313168525696,0.8497703075408936,0.1570737361907959,1777132576.9783733
FuzzyTrend,HG=F,1d,1,16,10,42,0.0462415380807715,0.030888769775629,1.251051425933838,0.0764370697316219,0.0505308583378791,1.2155834436416626,69.09522700309753,0.7476761341094971,0.1448545455932617,1777132708.1841817
FuzzyVolatility,HG=F,1d,1,16,10,42,0.046250436759027,0.0307898912578821,1.244057536125183,0.0759820804945694,0.050160463899374,1.2087808847427368,84.98604679107666,0.9236490726470948,0.2241542339324951,1777132950.3719745
FuzzyAll,HG=F,1d,1,16,10,42,0.0463971201628888,0.0308999512344598,1.2210843563079834,0.0767575756583794,0.0508478730916976,1.2215232849121094,71.86747789382935,0.75760817527771,0.153517484664917,1777133358.1989958
FuzzyBasic,NG=F,1d,1,16,10,42,0.1886230551699667,0.1175132915377616,2.421958446502685,0.2232504495208247,0.1302091181278228,3.525479555130005,79.94810557365417,0.8046774864196777,0.1935372352600097,1777183529.4177108
FuzzyMomentum,NG=F,1d,1,16,10,42,0.1829031373167614,0.1147933676838874,2.402684211730957,0.2248044949422188,0.1310631334781646,3.5364794731140137,77.55061030387878,0.8371362686157227,0.1743762493133545,1777183722.1290264
FuzzyTrend,NG=F,1d,1,16,10,42,0.1885535720276935,0.1174637228250503,2.4253897666931152,0.2240340286052772,0.1305321156978607,3.527434825897217,80.5759527683258,0.8081686496734619,0.1594452857971191,1777183821.9027894
FuzzyVolatility,NG=F,1d,1,16,10,42,0.1893008691962227,0.1181055381894111,2.4312891960144043,0.2231543390635345,0.1309061050415039,3.535438060760498,76.27089357376099,0.8242700099945068,0.1693301200866699,1777183903.7926862
FuzzyAll,NG=F,1d,1,16,10,42,0.1821923337233009,0.11456722766160965,2.3966879844665527,0.22436906149239086,0.13097873330116272,3.5317752361297607,74.79511833190918,0.8340198993682861,0.16755342483520508,1777184006.5619957
